num,d_le,d1_r1,d1_r2,d1_r3,d1_r4,d1_r5,d1_r6,d1_r7,d1_r8,d1_r9,d1_r10,d1_r11,d1_r12,d1_r13,d1_r14,d1_r15,d1_r16,d1_r17,d1_r18,d1_r19,d1_r20,d1_r21,d1_r22,d1_r23,d1_r24,d2_r1,d2_r2,d2_r3,d2_r4,d2_r5,d2_r6,d2_r7,d2_r8,d2_r9,d2_r10,d2_r11,d2_r12,d2_r13,d2_r14,d2_r15,d2_r16,d2_r17,d2_r18,d2_r19,d2_r20,d2_r21,d2_r22,d2_r23,d2_r24,d3_r1,d3_r2,d3_r3,d3_r4,d3_r5,d3_r6,d3_r7,d3_r8,d3_r9,d3_r10,d3_r11,d3_r12,d3_r13,d3_r14,d3_r15,d3_r16,d3_r17,d3_r18,d3_r19,d3_r20,d3_r21,d3_r22,d3_r23,d3_r24
1,1,13,8,8,8,8,8,8,8,8,8,8,8,8,8,8,8,8,8,8,8,8,8,8,8,10,7,7,8,8,8,8,8,8,8,8,8,8,8,8,8,8,8,8,8,8,8,8,8,10,10,8,8,8,8,8,8,8,8,8,8,8,8,8,8,8,8,8,8,8,8,8,8
2,1,15,18,2,12,17,12,8,17,18,18,20,17,8,10,15,10,15,9,15,10,8,18,11,16,14,13,14,5,13,14,10,12,13,8,13,10,15,13,8,10,13,10,14,13,8,8,12,9,15,14,10,13,14,10,9,14,13,5,15,10,10,12,12,12,12,12,12,9,10,10,9,10
3,2,13,12,12,12,12,14,14,12,12,12,13,12,12,12,12,12,13,12,12,13,12,13,12,12,15,11,13,11,11,14,15,10,10,13,15,13,10,10,12,13,14,10,11,13,12,14,12,12,16,12,14,14,14,16,16,12,10,14,12,12,16,12,12,16,16,10,12,12,14,12,16,14
4,3,5,3,3,4,4,5,4,6,6,7,6,7,5,5,7,3,7,7,6,6,6,5,4,6,6,3,4,3,3,3,3,4,4,2,6,4,6,4,4,2,4,2,4,4,4,4,4,2,10,5,10,5,5,10,5,5,5,5,15,5,10,5,10,5,5,10,5,10,10,5,5,5
5,1,5,5,5,10,10,10,5,4,3,1,5,5,3,4,3,2,4,3,3,3,3,5,3,1,5,4,4,19,18,15,10,5,5,3,8,6,5,6,2,3,8,3,2,6,2,0,6,2,5,5,5,14,13,12,8,8,4,2,8,5,5,4,3,3,4,3,2,3,1,4,1,0
6,2,12,10,7,6,10,10,6,5,7,7,5,8,10,7,9,10,10,8,8,8,9,3,8,10,15,12,9,8,8,11,9,8,12,10,9,9,1,9,10,9,10,9,9,8,11,9,8,13,11,5,5,6,11,15,6,3,11,10,8,10,9,11,8,11,10,10,0,5,11,10,8,10
7,2,7,7,6,0,10,15,1,7,10,1,10,1,,,,,,,,,,,,,8,8,1,5,0,8,6,6,15,15,5,5,12,10,1,4,8,1,5,8,1,15,0,7,7,5,2,1,8,10,4,5,9,7,7,2,5,10,5,0,2,9,9,10,5,2,10,7
8,1,12,10,12,10,12,13,16,17,10,8,10,15,12,12,12,10,12,12,10,10,12,12,12,12,8,1,6,8,10,12,13,14,10,8,9,12,8,6,7,7,1,7,9,5,11,0,6,7,0,6,10,16,16,16,16,16,4,0,10,4,2,15,4,0,0,16,0,0,0,10,0,10
9,3,10,10,7,7,8,5,6,8,7,6,5,8,6,7,6,7,6,8,7,7,7,6,7,7,15,12,10,8,7,7,6,8,8,6,6,8,6,5,6,6,8,9,8,6,6,5,7,6,12,11,9,8,8,7,6,9,8,7,6,8,7,6,7,6,7,8,7,7,6,6,8,6
10,1,12,2,7,1,10,1,12,0,13,10,0,8,12,0,0,11,0,11,0,5,0,10,10,7,11,3,1,1,9,4,4,6,3,6,1,3,4,0,4,0,1,4,0,5,0,4,4,3,15,10,2,2,10,5,2,3,1,7,3,1,1,7,1,0,1,1,4,7,1,7,0,2
11,3,14,14,12,11,14,13,13,10,15,8,16,8,10,10,11,10,17,10,18,10,19,15,15,15,10,15,8,10,15,3,15,3,10,4,16,2,8,8,16,9,15,5,17,10,12,17,9,14,10,13,10,15,13,14,10,10,13,10,15,10,10,13,13,10,15,10,16,10,15,15,15,13
12,2,8,9,7,5,8,5,9,11,5,3,6,5,,,,,,,,,,,,,15,6,6,5,12,6,7,7,18,19,7,6,6,15,14,4,13,5,12,5,13,4,7,8,9,7,8,7,9,6,10,7,8,13,10,6,6,3,4,6,4,4,10,3,11,3,8,7
13,2,11,10,5,5,5,5,4,5,5,5,5,6,5,5,6,5,5,5,5,5,5,5,6,5,10,5,4,0,6,5,6,4,7,4,6,6,5,7,4,7,4,4,5,7,5,5,4,4,10,8,6,4,6,4,4,6,5,4,4,6,5,5,5,5,6,5,5,5,5,5,5,5
14,3,15,10,8,5,3,6,6,6,5,5,8,5,0,5,7,3,0,1,3,5,5,8,5,6,15,6,2,1,3,4,8,4,2,1,6,2,1,6,5,3,4,9,5,4,6,4,3,3,16,12,8,4,3,8,16,12,5,4,14,10,8,14,14,10,8,12,10,12,10,10,8,10
15,2,13,7,5,7,4,5,5,7,4,8,5,4,10,10,10,6,3,11,4,7,10,5,11,12,8,7,6,3,1,8,4,5,2,1,10,10,8,1,1,1,1,10,10,3,1,1,5,8,13,12,6,8,5,8,9,6,11,12,13,4,10,14,0,13,2,12,5,10,13,1,15,10
16,3,0,1,11,7,10,1,11,10,1,7,1,5,,,,,,,,,,,,,11,7,8,7,10,6,12,5,11,11,6,10,9,15,14,13,10,10,12,11,6,13,14,9,8,8,10,4,1,6,0,10,6,10,10,7,10,10,9,7,5,9,14,10,8,7,8,6
17,3,15,14,15,10,5,10,14,10,13,15,10,5,20,16,10,15,10,13,10,15,15,14,5,5,12,14,12,10,0,10,16,14,14,16,0,2,10,12,0,2,16,14,0,10,16,14,0,2,20,19,18,0,5,15,11,17,20,20,15,10,20,20,20,20,20,20,10,10,20,19,17,15
18,1,15,10,8,6,7,10,5,3,6,6,3,4,8,6,5,5,3,4,2,5,4,3,1,4,1,1,16,1,1,15,1,0,19,1,1,15,1,1,10,1,19,1,2,20,20,20,18,1,10,6,5,5,5,4,5,3,1,4,3,4,1,4,1,2,1,3,1,5,3,4,3,3
19,3,8,3,2,4,10,3,9,8,5,4,5,10,1,1,1,15,0,0,1,15,0,0,0,16,10,4,2,5,10,7,5,5,10,7,6,7,10,5,5,4,10,5,4,4,8,4,4,10,10,1,5,5,10,10,10,10,10,10,10,3,10,10,10,10,10,10,10,7,10,10,3,5
20,2,8,5,5,10,10,10,8,6,8,8,8,8,6,6,5,5,8,8,5,4,8,6,8,6,10,4,7,10,8,10,6,5,6,3,10,9,,,,,,,,,,,,,5,5,3,8,12,3,5,10,0,3,9,8,8,9,9,0,7,8,3,8,5,5,7,8
21,3,8,6,5,5,10,8,10,0,8,5,0,13,10,10,0,5,0,15,0,5,0,0,2,10,10,7,4,4,9,5,4,8,4,4,7,5,6,5,9,3,6,1,6,4,5,3,5,3,3,6,6,5,9,6,7,7,6,5,4,4,8,6,4,5,9,5,8,7,6,5,8,3
22,1,14,14,13,12,10,9,7,7,12,14,12,10,8,13,12,10,10,13,12,12,10,10,9,8,15,13,14,13,12,11,10,7,10,12,12,7,9,12,13,7,9,12,12,7,12,12,7,7,13,14,13,12,12,10,3,7,12,12,10,10,10,12,13,10,10,11,10,6,13,10,9,8
23,2,11,10,8,10,10,6,8,10,8,5,8,10,7,5,7,6,5,8,4,5,8,6,8,5,10,10,7,12,6,0,8,9,5,17,15,15,,,,,,,,,,,,,11,11,11,11,15,4,5,5,3,13,12,2,4,5,2,4,4,8,5,3,5,12,3,0
24,2,0,0,0,0,0,0,2,0,0,0,10,0,0,0,0,0,0,0,0,0,0,0,10,0,0,0,0,0,0,0,0,0,0,0,0,0,0,0,20,0,0,0,0,0,0,0,20,0,0,0,0,0,0,0,1,0,1,2,1,3,3,4,1,2,2,1,1,4,3,1,0,3
25,2,10,10,7,11,7,7,7,10,5,8,5,1,8,2,8,2,2,2,2,11,2,1,9,2,9,9,3,6,1,6,7,8,1,8,7,1,8,5,6,7,7,7,7,7,7,7,7,7,10,9,8,9,8,8,5,7,0,8,8,0,9,4,0,7,6,7,0,8,5,0,6,0
26,1,19,16,14,13,12,14,16,16,15,15,16,16,15,16,16,16,17,18,17,17,15,14,15,17,10,14,14,12,13,14,15,15,14,15,15,16,15,16,17,16,16,17,17,16,15,13,15,16,14,15,14,14,12,14,15,15,15,14,15,16,15,15,16,16,16,17,16,17,15,14,14,17
27,3,8,8,0,8,8,8,8,8,5,5,5,0,8,8,6,0,8,0,6,8,8,10,8,8,5,2,1,3,4,3,5,3,0,3,7,4,0,0,0,0,0,0,0,0,0,6,0,0,11,0,0,5,7,5,6,9,3,1,6,0,11,8,0,3,7,4,9,0,4,0,5,6
28,1,10,5,10,10,10,0,10,10,10,0,10,10,15,10,10,10,0,10,10,10,10,10,10,10,10,1,10,8,10,15,15,15,1,1,1,1,1,15,10,10,1,5,13,0,1,10,0,15,8,10,10,10,5,5,12,10,3,1,0,1,10,0,15,10,0,10,10,0,8,15,15,10
29,1,5,3,5,7,2,5,6,7,3,2,8,8,5,7,3,5,0,3,3,7,5,7,8,3,5,6,4,6,5,4,6,4,6,5,5,7,6,5,7,6,6,4,4,4,4,5,6,7,5,5,5,4,5,2,3,6,7,5,7,3,5,7,6,7,2,7,2,3,5,7,7,7
30,1,8,9,12,10,14,12,13,14,12,10,12,13,13,14,15,14,10,9,9,12,12,13,11,8,1,2,10,9,9,9,10,10,10,10,10,10,10,15,14,13,12,11,10,9,8,9,10,10,9,9,9,8,13,12,13,12,8,7,10,10,10,10,12,12,5,6,6,7,10,12,8,4
32,2,3,2,3,11,11,10,10,6,6,2,2,6,8,6,5,8,8,6,9,3,4,14,13,15,5,3,10,16,15,10,10,8,8,6,5,16,15,10,3,10,17,5,15,10,15,15,15,15,1,1,6,12,11,1,5,3,1,1,1,5,6,1,1,1,7,0,2,6,8,2,2,2
33,1,10,8,10,5,10,12,5,17,15,17,10,9,8,10,10,10,20,7,9,14,5,7,6,10,12,6,6,10,5,5,12,14,12,6,12,8,6,12,10,6,6,14,8,6,13,2,12,8,13,11,15,10,4,13,11,13,17,14,13,12,15,10,13,9,15,10,7,15,10,15,15,13
34,3,13,9,8,7,6,6,13,10,9,9,8,9,8,8,9,9,9,9,8,7,8,5,10,8,15,10,9,5,5,8,12,10,8,5,10,8,10,8,5,5,9,10,5,3,10,0,5,10,15,14,12,10,10,15,16,8,2,5,15,15,10,2,3,15,12,5,0,18,0,0,15,17
35,2,15,10,10,2,15,2,15,5,15,1,15,5,12,1,12,5,12,1,12,12,12,1,12,1,14,10,10,15,9,8,15,4,15,5,3,15,5,10,5,16,9,6,6,15,10,10,13,2,15,15,9,10,15,14,10,13,16,8,14,6,17,17,15,1,15,16,14,14,16,5,12,0
36,3,16,3,1,2,1,1,1,1,1,1,1,4,1,1,1,1,1,1,1,1,1,1,1,1,14,7,6,6,5,7,4,6,8,3,3,7,6,6,9,6,14,12,14,2,16,0,13,14,13,7,5,6,6,6,6,7,4,5,9,8,7,6,5,7,6,4,6,0,13,0,0,0
37,1,12,5,0,0,8,0,12,12,5,0,0,0,5,3,2,0,5,3,4,5,10,0,3,4,9,8,5,4,5,3,5,4,8,8,0,0,0,1,5,5,0,1,1,9,1,2,2,8,10,5,8,5,5,10,10,10,0,5,0,0,10,0,3,3,1,2,3,3,2,1,5,1
38,3,9,7,6,6,7,7,6,7,6,5,7,6,5,7,6,6,9,8,8,7,7,7,6,7,7,8,5,7,8,6,6,10,5,7,9,4,8,5,8,9,6,10,10,10,10,7,8,7,8,7,8,10,10,9,12,8,12,8,6,10,12,10,8,8,9,10,10,8,11,12,9,12
39,3,10,12,13,11,10,8,8,8,9,12,13,10,8,6,8,12,13,8,8,6,13,13,8,6,10,13,12,10,9,6,9,6,8,13,12,8,7,6,8,15,12,7,5,7,10,15,4,2,9,12,12,11,9,8,9,9,9,11,12,7,8,8,9,12,12,7,7,9,12,12,7,7
40,2,10,11,12,11,10,10,10,10,10,10,10,10,5,10,8,10,7,7,10,10,10,10,10,10,8,7,15,15,7,5,8,5,13,6,7,11,8,10,12,5,1,10,10,13,6,12,12,8,10,8,10,10,8,10,5,5,10,10,5,6,7,10,10,10,5,5,6,10,6,8,10,7
41,,16,17,18,18,15,10,9,6,4,17,14,5,6,18,5,10,19,14,4,8,15,5,3,5,15,15,15,10,10,8,5,5,5,10,10,8,5,5,5,10,10,8,5,5,10,9,5,5,19,18,18,17,10,8,7,5,5,8,8,8,8,6,8,6,8,7,7,6,7,8,8,6
42,,20,11,9,8,8,9,7,7,8,8,7,8,9,8,7,7,7,7,7,8,8,7,8,9,9,9,2,1,3,5,3,3,5,4,1,3,3,3,1,3,3,3,7,6,5,4,5,5,10,7,9,3,9,5,6,6,9,5,3,9,9,6,3,5,5,7,8,6,7,7,7,9
43,,7,7,10,8,12,9,0,9,12,3,1,13,11,3,11,0,13,11,12,12,7,1,4,7,7,12,10,10,13,7,7,13,12,12,10,11,0,10,12,14,7,0,8,13,8,13,1,12,13,7,6,13,11,9,13,10,11,13,13,10,1,0,10,0,13,0,15,5,13,15,13,0
44,,5,5,6,7,5,6,7,7,7,6,6,7,7,6,6,6,6,5,5,5,5,5,5,5,7,8,8,9,7,7,9,8,8,9,7,10,8,8,7,5,9,8,5,8,10,8,5,10,20,7,6,5,7,9,13,11,7,7,9,9,7,7,6,6,10,9,7,6,10,7,9,10
45,,15,13,8,15,18,20,13,10,15,16,15,15,8,16,18,17,15,17,6,10,8,17,15,14,15,15,12,14,10,15,10,15,10,10,12,12,18,10,13,16,14,14,10,12,12,10,14,12,11,12,11,14,11,15,11,12,11,10,10,14,15,15,10,11,12,13,13,10,10,11,10,10
46,3,3,4,2,5,4,3,4,4,2,5,5,4,4,5,6,4,2,5,5,0,8,0,0,10,5,2,3,3,4,5,7,3,2,6,2,4,8,2,7,7,1,6,7,2,5,7,6,5,6,4,4,6,6,6,8,4,8,0,6,8,0,7,0,0,0,10,0,0,12,0,0,14
47,2,10,11,15,10,10,10,10,10,10,10,0,9,,,,,,,,,,,,,11,11,11,8,11,1,1,1,8,5,11,11,11,11,8,11,11,15,5,5,5,11,11,11,11,8,7,12,9,8,10,12,9,11,9,10,8,9,10,9,4,7,10,8,2,9,9,10
48,2,5,8,1,1,10,1,4,0,7,2,0,6,0,5,0,0,0,0,0,10,0,1,0,0,13,2,0,0,1,1,0,1,0,0,0,0,0,0,0,0,0,0,0,0,0,0,0,0,4,0,7,3,5,2,5,2,4,0,6,5,0,8,4,5,0,8,5,0,0,0,0,6
49,3,6,5,6,3,6,6,6,6,6,6,6,6,5,5,5,7,7,7,6,6,6,6,6,6,11,4,2,7,3,5,9,4,4,8,4,5,9,4,4,5,8,5,7,5,5,9,3,5,5,10,4,3,6,6,5,7,4,3,10,5,3,7,4,5,8,2,3,9,3,3,6,8
50,2,5,0,20,0,5,20,0,5,20,0,8,20,0,8,20,0,5,20,0,5,20,0,5,20,20,0,5,20,0,1,20,0,1,20,0,1,20,0,1,20,0,1,20,0,1,20,0,1,5,10,20,1,20,0,5,20,6,6,20,0,7,20,0,3,20,0,10,20,10,0,20,4
51,2,10,11,7,5,5,7,8,9,10,10,6,8,8,10,10,10,10,10,6,6,9,13,6,6,11,7,5,5,7,8,9,10,10,6,8,8,10,10,10,10,10,6,6,9,13,6,6,4,10,11,7,5,5,7,8,9,10,10,6,8,8,10,10,10,10,10,6,6,9,13,6,6
52,1,11,9,8,7,6,5,10,11,10,10,10,6,10,10,9,8,10,9,10,10,10,10,10,10,10,8,7,5,4,3,7,10,8,6,5,7,8,9,7,5,6,10,7,6,9,7,6,7,10,10,8,6,5,4,8,9,9,8,6,6,8,9,6,5,8,10,5,5,8,8,6,8
53,3,10,3,9,13,5,5,5,5,10,11,0,10,10,5,5,5,10,10,2,8,5,10,10,10,5,10,5,5,6,5,3,6,6,5,5,5,6,4,5,6,6,10,6,5,6,6,6,3,15,10,15,20,0,10,0,0,0,10,10,10,10,10,10,10,10,10,10,10,10,10,10,15
54,1,5,2,2,2,6,3,2,4,8,4,2,5,1,6,4,2,0,6,5,5,0,5,5,5,1,0,2,0,5,0,0,0,10,0,0,0,0,0,2,0,0,5,0,0,0,0,5,0,10,3,3,10,5,5,8,5,9,9,15,5,10,10,10,10,10,0,10,10,10,20,20,20
55,1,1,0,11,7,0,3,11,5,0,3,7,0,0,11,9,0,3,7,11,0,0,0,0,3,9,5,7,1,0,1,0,2,0,1,1,5,0,0,10,7,0,5,0,2,2,0,7,0,9,5,8,5,1,5,0,1,1,2,1,5,2,6,4,7,10,8,5,1,7,1,5,10
56,3,10,10,10,8,10,10,10,10,10,10,10,10,10,10,10,10,10,1,10,5,1,10,1,10,5,15,16,10,15,15,15,10,13,10,10,10,10,10,5,11,11,8,5,5,13,10,5,11,7,8,10,12,14,16,14,5,10,11,12,5,1,10,9,16,14,4,5,5,9,17,5,19
57,2,15,13,7,6,4,1,1,3,5,6,5,0,4,2,2,4,3,2,3,3,3,7,6,6,15,10,10,10,8,8,8,8,8,8,8,8,8,8,8,8,8,8,8,8,8,8,8,8,10,8,8,8,6,4,8,6,8,6,6,6,6,6,6,6,6,6,6,6,6,6,6,6
58,2,12,10,8,10,12,10,8,10,8,12,8,12,8,8,12,10,5,10,6,10,6,10,8,5,10,8,12,10,8,8,10,8,10,8,10,8,10,9,11,12,12,10,8,10,7,10,9,11,10,8,8,10,2,4,6,12,4,12,7,12,10,12,6,12,6,6,14,12,2,4,6,10
59,1,8,9,8,9,8,8,8,8,9,8,8,9,8,8,8,8,8,8,9,8,8,8,10,9,10,9,9,9,9,8,8,8,8,8,8,8,8,8,8,8,8,8,14,10,8,10,15,8,9,8,9,7,8,8,7,8,9,7,8,8,6,7,8,9,7,7,12,8,8,6,10,8
60,2,5,15,15,15,15,14,12,20,18,15,10,18,20,16,10,20,11,15,20,20,15,0,15,15,20,20,18,18,17,15,15,17,17,16,15,14,,,,,,,,,,,,,5,15,16,15,16,16,15,17,17,15,12,12,14,14,12,16,17,17,17,18,16,12,8,16
61,1,20,20,1,20,20,20,1,20,20,0,20,20,20,20,20,20,20,20,20,0,20,20,15,0,15,17,0,1,15,20,0,19,0,12,18,0,19,0,19,19,0,20,0,0,20,19,0,1,15,18,16,15,15,10,15,10,16,5,15,17,10,5,15,16,10,18,17,5,18,19,10,18
62,1,20,20,20,20,20,20,20,20,20,20,20,20,20,20,20,20,20,20,20,20,20,20,20,20,1,0,0,0,1,0,0,5,5,0,0,0,0,0,0,5,0,0,8,0,0,0,0,0,0,0,0,0,5,5,0,0,1,1,1,1,1,1,1,1,1,1,1,1,1,1,5,4
63,3,11,10,12,8,9,12,8,11,15,12,14,16,12,15,12,15,15,6,12,12,14,11,12,18,5,5,5,5,5,5,5,11,5,5,15,15,15,5,5,5,5,5,15,15,5,5,5,5,15,13,11,8,5,9,9,1,16,11,8,11,11,12,8,6,8,6,6,9,11,6,6,11
64,2,10,10,10,10,10,10,10,8,12,10,5,10,10,5,10,10,8,10,10,10,9,5,10,8,10,10,8,9,8,10,8,8,15,10,8,10,8,8,8,8,10,10,10,10,15,10,8,10,10,5,6,6,10,10,5,8,15,13,3,3,10,3,12,8,6,5,10,5,5,1,15,5
65,1,9,8,9,10,11,11,9,10,11,11,10,10,11,10,10,11,10,10,10,10,10,11,10,10,9,8,8,9,11,10,8,9,11,9,6,10,10,5,11,9,9,9,8,8,10,8,11,10,9,8,9,8,8,10,9,10,10,10,9,10,10,8,9,10,9,10,10,10,8,9,9,9
66,3,8,5,7,9,5,9,5,5,7,5,5,7,6,5,7,9,7,8,5,6,5,7,5,7,10,7,7,10,5,8,7,6,6,4,7,4,7,6,8,6,8,8,6,7,8,5,6,6,7,7,7,10,7,7,7,7,7,6,9,8,10,7,11,7,7,7,8,7,6,8,8,7
67,2,12,9,12,12,16,17,17,17,12,12,17,18,15,17,15,16,17,16,15,11,15,15,15,15,11,13,15,14,17,19,19,15,16,13,15,16,14,19,15,18,19,15,15,15,16,15,18,15,10,12,15,15,17,18,12,19,12,10,16,12,10,19,19,18,20,19,16,11,17,12,18,12
68,2,10,8,0,7,9,8,5,3,10,6,4,6,10,6,5,5,8,5,2,6,8,2,0,5,18,12,8,10,12,15,10,14,16,10,10,12,13,16,15,11,10,13,9,14,16,7,8,13,13,9,7,10,11,11,7,7,12,10,7,10,10,9,7,14,14,6,5,14,10,3,10,18
69,1,15,15,16,15,15,15,15,15,15,15,15,15,15,15,20,15,15,15,15,15,15,15,15,15,15,15,10,10,10,10,10,10,10,10,10,10,10,0,10,10,10,10,10,10,10,10,10,10,20,14,15,12,13,14,13,12,15,19,15,16,0,5,15,16,14,16,14,15,13,14,16,14
70,1,12,8,5,10,10,8,3,8,5,18,6,11,11,6,11,11,8,11,11,11,15,6,15,18,7,3,2,7,10,7,5,4,10,11,6,3,2,4,3,1,1,1,1,1,1,0,1,6,8,0,0,10,12,0,0,0,12,12,5,0,8,12,0,5,5,5,0,0,8,0,0,0
71,,10,10,10,8,8,5,3,10,5,5,5,10,10,3,6,6,5,10,10,8,6,8,12,10,5,5,5,5,0,2,0,10,5,1,1,1,1,1,1,1,5,10,5,3,3,10,10,10,10,10,10,10,1,0,3,5,5,4,0,4,8,0,4,0,4,8,5,10,7,7,10,0
72,,15,7,11,11,8,13,8,8,8,9,8,7,7,9,6,9,5,9,5,0,11,9,0,5,5,8,15,12,15,14,12,8,14,13,4,13,12,9,13,2,12,13,12,12,12,8,8,17,5,6,8,8,10,10,10,2,16,10,2,8,6,7,0,10,10,0,6,8,10,7,2,8
73,,10,10,13,13,9,5,1,16,9,8,12,12,8,9,10,1,9,13,13,1,13,14,8,9,9,8,10,12,13,6,10,12,12,8,8,10,8,6,12,14,8,10,10,2,10,6,10,12,12,10,9,11,11,8,7,13,12,9,13,11,9,1,11,13,7,8,8,7,8,8,8,8
74,,15,10,5,10,10,10,10,15,15,10,10,10,10,14,10,15,15,10,10,15,15,10,15,15,15,12,7,14,7,11,13,13,13,10,10,8,14,11,7,16,9,10,10,7,7,7,14,6,11,8,6,9,12,8,8,9,6,5,6,5,11,2,5,8,12,3,9,10,7,5,12,6
75,,12,12,12,13,12,12,13,11,12,13,12,13,12,13,12,11,12,13,11,12,10,11,10,11,9,8,9,9,10,8,9,9,9,10,7,9,7,11,8,11,7,10,10,11,8,9,11,9,10,7,5,15,3,7,10,0,7,9,7,12,10,12,7,7,10,12,7,7,7,12,7,7
76,1,20,5,20,20,10,10,0,5,0,0,10,0,10,0,0,10,10,0,0,0,10,20,0,0,5,5,20,5,10,5,6,10,8,7,8,0,8,5,5,8,10,0,9,8,8,8,5,5,20,5,5,20,5,5,10,10,5,5,10,8,5,2,7,6,9,1,8,0,5,8,5,3
77,3,7,10,14,5,13,10,0,0,7,0,9,5,7,0,7,7,10,7,5,7,3,9,12,4,4,11,11,10,11,11,11,11,5,9,10,9,5,5,5,5,7,14,4,10,9,5,9,11,10,5,20,20,10,10,20,10,20,0,20,20,20,0,0,10,10,10,10,10,15,20,15,10
78,2,10,8,7,7,9,9,9,10,9,7,9,7,7,7,5,8,9,8,9,9,9,10,9,9,10,8,8,5,15,15,10,10,15,10,13,10,10,12,10,10,10,10,12,15,12,12,10,10,15,5,0,9,9,10,0,10,13,5,10,5,8,8,10,8,11,10,12,10,12,13,10,10
79,3,2,2,2,3,2,2,4,2,2,2,2,2,3,3,2,2,2,2,2,2,2,2,2,3,2,2,2,2,2,2,3,2,2,2,2,2,4,3,2,2,2,2,2,2,2,2,2,2,4,3,6,6,4,3,7,7,5,10,5,7,11,6,8,6,9,7,7,6,5,7,9,12
80,1,11,11,11,11,8,8,11,10,12,15,10,10,11,11,12,15,11,10,12,14,11,8,8,14,17,13,11,9,7,6,12,9,12,17,8,9,12,10,17,12,12,9,13,15,10,9,15,15,10,10,10,10,9,7,8,8,9,13,11,10,10,10,13,10,10,10,10,11,9,8,8,10
81,3,5,3,1,5,5,1,5,1,4,3,2,2,5,3,2,4,2,8,0,6,5,5,0,5,2,0,0,5,13,6,1,8,8,8,0,0,10,0,10,10,0,0,3,13,10,5,3,2,6,3,18,3,5,3,3,5,3,2,18,2,5,3,19,4,3,5,3,18,19,3,3,3
82,2,3,3,7,1,6,1,3,4,1,0,5,5,1,3,5,5,5,5,5,8,1,5,3,2,10,5,4,7,2,5,7,10,5,5,10,7,8,7,8,8,7,7,7,6,2,8,8,7,6,5,4,6,4,4,4,4,3,5,4,3,4,4,4,4,6,3,6,3,5,4,5,4
83,2,12,10,9,10,16,10,8,12,9,8,12,14,,,,,,,,,,,,,17,15,10,8,17,13,10,10,12,10,10,16,10,11,9,10,14,13,10,11,11,13,10,9,8,9,8,8,6,6,6,10,10,9,9,9,9,10,9,9,7,9,10,9,12,7,8,12
84,2,10,15,10,10,1,10,1,6,1,10,1,10,1,1,1,5,2,2,8,1,5,8,5,6,15,13,10,11,14,2,8,9,15,9,10,11,,,,,,,,,,,,,15,15,6,12,11,11,5,11,11,11,10,11,6,0,0,10,6,10,0,10,10,10,0,10
85,2,10,8,8,12,8,5,10,10,8,8,12,4,12,5,10,8,10,5,10,8,8,8,8,10,15,1,13,13,13,12,12,14,0,14,10,10,,,,,,,,,,,,,10,8,8,11,10,8,8,10,5,10,6,8,9,8,7,10,9,5,13,5,10,8,9,8
86,2,11,1,11,11,11,11,11,1,8,11,11,1,,,,,,,,,,,,,16,2,18,16,2,17,16,15,14,10,0,0,0,0,9,19,16,15,17,15,14,17,3,9,13,5,1,5,16,1,5,5,1,1,5,11,1,16,16,16,1,5,11,8,13,11,5,1
